{
  "games_per_second": 0.014487110934384392,
  "training_loss": 0.46077588200569153,
  "gpu_utilization": 0.0,
  "total_parameters": 3401474,
  "model_size_mb": 12.975593566894531,
  "batch_processing_time": 0.07802462577819824
}