{
  "games_per_second": 0.05660772884609385,
  "training_loss": 0.07331772893667221,
  "gpu_utilization": 0.0,
  "total_parameters": 3401474,
  "model_size_mb": 12.975593566894531,
  "batch_processing_time": 0.0
}