{
  "games_per_second": 0.0828730504391819,
  "training_loss": 2.381256341934204,
  "gpu_utilization": 0.0,
  "total_parameters": 3401474,
  "model_size_mb": 12.975593566894531,
  "batch_processing_time": 0.0
}