{
  "games_played": 100,
  "white_wins": 42,
  "black_wins": 26,
  "draws": 32,
  "total_moves": 5382,
  "ml_ai_wins": 0,
  "ml_ai_losses": 68,
  "ml_ai_draws": 32,
  "average_game_length": 53.82,
  "win_rate_progression": [
    0.0,
    0.0,
    0.0,
    0.0,
    0.0,
    0.0,
    0.0,
    0.0,
    0.0,
    0.0
  ],
  "loss_progression": [
    0.2981712818145752,
    0.2658359110355377,
    0.17544521391391754,
    0.15823876857757568,
    0.14001299440860748,
    0.15562555193901062,
    0.15452338755130768,
    0.13169628381729126,
    0.15106965601444244,
    0.1322026252746582,
    0.13758063316345215,
    0.1436271071434021,
    0.13205517828464508,
    0.12981264293193817,
    0.12411727756261826,
    0.150145024061203,
    0.14272600412368774,
    0.1262245774269104,
    0.12916602194309235,
    0.13742192089557648,
    0.12372566759586334,
    0.11900031566619873,
    0.12732769548892975,
    0.1288638561964035,
    0.12711627781391144,
    0.11403205245733261,
    0.11841867864131927,
    0.12088719755411148,
    0.11869389563798904,
    0.137029230594635,
    0.11641740798950195,
    0.11048346757888794,
    0.11907196044921875,
    0.1279703676700592,
    0.1199008971452713,
    0.12499494850635529,
    0.12261775135993958,
    0.12742985785007477,
    0.1195366233587265,
    0.12616553902626038,
    0.11614468693733215,
    0.1214606910943985,
    0.11755822598934174,
    0.11684929579496384,
    0.12028907239437103,
    0.12246482819318771,
    0.11446225643157959,
    0.11797618120908737,
    0.1344919204711914,
    0.12259668111801147,
    0.11886712163686752,
    0.12078715860843658,
    0.13147522509098053,
    0.11254117637872696,
    0.10497041046619415,
    0.11640507727861404,
    0.11697331070899963,
    0.10925082862377167,
    0.10822050273418427,
    0.10748109221458435,
    0.10131141543388367,
    0.10768193751573563,
    0.10071813315153122,
    0.10934583842754364,
    0.10817905515432358,
    0.09973175078630447,
    0.1125866249203682,
    0.13472029566764832,
    0.12630878388881683,
    0.0986754521727562,
    0.10280320048332214,
    0.10906581580638885,
    0.11507746577262878,
    0.11276112496852875,
    0.11175335198640823,
    0.09971651434898376,
    0.09844887256622314,
    0.11204405128955841,
    0.04055831953883171,
    0.0392790213227272,
    0.04895848408341408,
    0.057185590267181396,
    0.03785906359553337,
    0.11331139504909515,
    0.0755566880106926,
    0.04414909705519676,
    0.08330006897449493,
    0.05564676597714424,
    0.06213224679231644,
    0.04172714054584503,
    0.05574842542409897,
    0.05123234912753105,
    0.09703947603702545,
    0.08167871832847595,
    0.04196561500430107,
    0.07229754328727722,
    0.09978264570236206,
    0.07222355157136917,
    0.05325165018439293,
    0.04601320996880531,
    0.060635294765233994,
    0.09604936093091965,
    0.12375213205814362,
    0.06617773324251175,
    0.054912857711315155,
    0.06394260376691818,
    0.056398481130599976,
    0.07160373032093048,
    0.07984232902526855,
    0.11187547445297241,
    0.08379578590393066,
    0.1108294352889061,
    0.05139847472310066,
    0.07878059893846512,
    0.09748824685811996,
    0.06779608130455017,
    0.08709283173084259,
    0.08493241667747498,
    0.1409589797258377,
    0.07920589298009872,
    0.09440264850854874,
    0.08259766548871994,
    0.08770615607500076,
    0.0777498260140419,
    0.04906010255217552,
    0.10783160477876663,
    0.059606410562992096,
    0.12391774356365204,
    0.11423420906066895,
    0.07289975136518478,
    0.09622297435998917,
    0.08045914769172668,
    0.13599345088005066,
    0.07250333577394485,
    0.12041418254375458,
    0.07331772893667221
  ],
  "epsilon_progression": [],
  "training_epochs": 0,
  "total_training_time": 1766.5432271957397,
  "start_time": "2025-09-12T17:26:51.056284",
  "model_updates": 136,
  "historical_games_loaded": 1093,
  "total_training_samples": 28732,
  "convergence_metrics": {
    "loss_variance": 0.0005915456779049882,
    "win_rate_stability": 1.0,
    "learning_curve_slope": 0.0
  },
  "end_time": "2025-09-12T17:57:00.846074"
}