{
  "wins": 12,
  "total_episodes": 200,
  "total_reward": -122.99379279313607,
  "episode_rewards": [
    -60.21607364091049,
    -10.7943562369679,
    69.3285486065445,
    -107.02845080226183,
    -70.81381223842875,
    54.72115092604657,
    9.120000000000125,
    -184.0000000000056,
    -148.98356979122119,
    -238.00590873048083,
    -132.24364436998317,
    -47.994999999999756,
    -11.145000000000081,
    -185.88287741399,
    -91.38193020343896,
    22.148563361199738,
    29.0556580111452,
    -238.9550000000139,
    98.87857279815864,
    203.10096720209935,
    236.58048537388558,
    -247.50000000001535,
    -154.3000000000018,
    -252.20000000001613,
    -156.37137304101537,
    -116.50999999999442,
    253.74474491612153,
    121.15142301781279,
    4.313947127597851,
    174.26500000000033,
    91.28318959294397,
    -9.942693786629537,
    -45.786135540780506,
    223.53858868402995,
    -39.895450653987645,
    27.22587398992764,
    -240.30000000001516,
    -0.9834147168288147,
    -74.92999999999874,
    69.9850742378742,
    128.9655628098838,
    -191.45000000000715,
    79.10500000000107,
    -254.78000000001634,
    109.3263574120664,
    114.66500000000121,
    66.27739355892115,
    79.06000000000145,
    29.069084880856373,
    39.01544217622488,
    21.210000000000115,
    -174.93538161390904,
    35.212447321508655,
    52.404999999999184,
    131.94591175257318,
    83.15821864919103,
    203.03031215887256,
    -186.39674790887094,
    -42.989999999999576,
    -93.09912400171442,
    78.6500000000026,
    70.61474688965997,
    -252.20000000001653,
    79.02000000000136,
    -210.1650000000103,
    -251.6000000000163,
    15.69739811046412,
    9.170000000000396,
    27.03499999999969,
    17.529844914957383,
    80.4537336343597,
    -241.20000000001522,
    172.58394216271742,
    79.05500000000143,
    189.47833567200706,
    -141.63499999999826,
    -246.40842019393455,
    43.85828757340944,
    -211.64000000001067,
    -236.83500000001465,
    -215.18004914430134,
    9.445000000000816,
    4.112901914843454,
    -14.704999999999828,
    76.22010461863673,
    61.65499999999906,
    79.60500000000164,
    75.84000000000107,
    69.06000000000071,
    79.21500000000141,
    43.75499999999909,
    -252.80000000001627,
    102.20057857287895,
    138.08899416970698,
    69.6102351960264,
    -46.99994455048162,
    -198.6619735608348,
    -67.16740019232562,
    24.983193482117,
    -45.69499999999483,
    204.9600866671995,
    203.60000000000008,
    27.12000000000063,
    104.50586491413347,
    68.75500000000126,
    79.99500000000177,
    46.85767999249388,
    13.553338693456054,
    -242.90258422883224,
    75.40191266086468,
    22.43886318417885,
    80.11000000000156,
    30.376550295703815,
    337.04903277502194,
    -76.85999999999883,
    11.01180548631441,
    23.5177063696115,
    77.56748465661079,
    -254.6000000000164,
    2.1000000000003674,
    -174.43920394976513,
    -239.93910681190377,
    66.78422396590507,
    36.42990930661269,
    36.055288706596414,
    93.35803618942877,
    166.87470410683866,
    80.3300000000016,
    58.98999999999964,
    -16.3099999999996,
    30.255394713642772,
    -1.5836380102788228,
    81.95312158495655,
    175.5219067511336,
    -240.50000000001526,
    24.025000000000148,
    39.87499999999915,
    -20.10999999999968,
    173.78210894782728,
    49.65124638122418,
    -104.56550874514677,
    96.39806386732138,
    210.30421297679428,
    80.05500000000063,
    45.77499999999949,
    104.14937581316511,
    47.31409723538616,
    -5.59539499955627,
    49.6659721352185,
    -28.442638509108544,
    104.57830021560714,
    53.44499999999915,
    67.69000000000167,
    13.333288466294366,
    57.43691103473585,
    92.49525911362007,
    -171.6699134851309,
    -193.0000000000077,
    80.0350000000015,
    63.29325055178715,
    -58.27598789388598,
    -182.7950000000058,
    98.41800245530824,
    -226.14392505093653,
    22.60404348840504,
    -142.08000000000004,
    72.4319809446893,
    -52.99896806728272,
    83.9368903584372,
    -222.4700000000124,
    -65.18999999999428,
    97.06774090819228,
    79.95500000000156,
    -240.8000000000153,
    21.99499999999989,
    119.2003568418795,
    155.2723886522608,
    -90.73363223971808,
    88.15855930428403,
    3.5099999999998808,
    33.067605700013566,
    -61.109999999999,
    76.57500000000063,
    79.57500000000135,
    -27.80762514967439,
    87.75828639902142,
    155.84138975241493,
    -127.40499999999749,
    66.26500000000132,
    80.93066542151435,
    -49.46999999999929,
    182.52273698240296,
    -141.04292863609456,
    -6.631946297794047,
    -43.78999999999847,
    82.23806196101748,
    152.37127970111135,
    -168.0500000000038,
    -234.21639027315044,
    144.94952978072828
  ],
  "episode_lengths": [
    3000,
    3000,
    3000,
    3000,
    3000,
    3000,
    3000,
    3000,
    3000,
    3000,
    3000,
    3000,
    3000,
    3000,
    1684,
    1977,
    3000,
    3000,
    3000,
    1130,
    236,
    3000,
    3000,
    3000,
    3000,
    3000,
    753,
    3000,
    3000,
    1428,
    3000,
    3000,
    1892,
    2261,
    2753,
    3000,
    3000,
    3000,
    3000,
    672,
    3000,
    3000,
    3000,
    3000,
    3000,
    1159,
    2353,
    3000,
    3000,
    3000,
    3000,
    3000,
    1301,
    3000,
    3000,
    3000,
    601,
    3000,
    3000,
    3000,
    3000,
    3000,
    3000,
    3000,
    3000,
    3000,
    1290,
    3000,
    3000,
    2566,
    3000,
    3000,
    3000,
    3000,
    2622,
    3000,
    3000,
    3000,
    3000,
    3000,
    3000,
    3000,
    3000,
    3000,
    583,
    3000,
    3000,
    3000,
    3000,
    3000,
    3000,
    3000,
    3000,
    1500,
    3000,
    3000,
    3000,
    1518,
    1079,
    3000,
    80,
    80,
    3000,
    1246,
    3000,
    3000,
    413,
    3000,
    3000,
    2022,
    2834,
    3000,
    1697,
    1922,
    3000,
    3000,
    485,
    1099,
    3000,
    3000,
    3000,
    3000,
    3000,
    3000,
    997,
    3000,
    3000,
    3000,
    3000,
    3000,
    3000,
    3000,
    3000,
    1224,
    3000,
    3000,
    3000,
    3000,
    3000,
    3000,
    3000,
    2622,
    3000,
    3000,
    3000,
    421,
    1602,
    3000,
    2500,
    3000,
    3000,
    3000,
    3000,
    913,
    3000,
    3000,
    3000,
    3000,
    3000,
    2052,
    2947,
    3000,
    3000,
    3000,
    2366,
    3000,
    3000,
    3000,
    3000,
    3000,
    3000,
    3000,
    3000,
    3000,
    3000,
    3000,
    1376,
    3000,
    3000,
    3000,
    3000,
    3000,
    3000,
    3000,
    2750,
    3000,
    3000,
    3000,
    3000,
    3000,
    3000,
    678,
    3000,
    3000,
    3000,
    3000,
    925,
    3000,
    3000,
    1724
  ],
  "damage_dealt": [],
  "survival_times": [],
  "shot_accuracy": [],
  "win_rate": 0.06,
  "average_reward": -0.6149689639656803,
  "average_episode_length": 2651.665,
  "reward_std": 127.86704717246376,
  "max_reward": 337.04903277502194,
  "min_reward": -254.78000000001634
}