{
  "episodes": 400,
  "total_steps": 1075505,
  "best_reward": 1311.890507058559,
  "recent_rewards": [
    395.25082357384446,
    32.569999999999744,
    -2.0500000000000007,
    299.22134789951286,
    11.41000000000002,
    742.2861499959008,
    670.8542846599292,
    27.159999999999865,
    76.73457582429958,
    74.96000000000122,
    11.856849952337145,
    958.3329505417028,
    180.9710732938441,
    525.5755009146712,
    857.8433936324598,
    677.717715868023,
    5.30000000000001,
    986.125741565094,
    450.77467958761537,
    5.750000000000006,
    523.1877898338948,
    42.30000000000061,
    17.900000000000006,
    427.7030004216946,
    597.8252976038066,
    39.20999999999999,
    -2.1000000000000005,
    535.7872187449534,
    172.01999999999742,
    5.520000000000004,
    570.3886522860057,
    218.33300365084358,
    347.16810957750954,
    310.6314331975357,
    29.03999999999973,
    309.43600662548016,
    104.94621361460511,
    584.1090864976161,
    702.6024541598472,
    -0.8699999999999999,
    0.21000000000000046,
    90.07000000000045,
    656.37359558262,
    175.3280090215251,
    234.53877526036132,
    43.02000000000003,
    399.0619569659301,
    180.22999999999945,
    -2.1499999999999995,
    14.820000000000018,
    321.59628133737675,
    63.470000000000944,
    49.54000000000021,
    29.08999999999973,
    -2.25,
    84.25712406557753,
    61.410000000000835,
    316.48927964943596,
    793.0657857596098,
    18.369999999999965,
    345.69144264027807,
    741.5048218504883,
    65.40369614491489,
    11.920000000000003,
    10.129999999999978,
    179.7599999999994,
    339.86389079425686,
    5.190000000000009,
    122.93000000000113,
    529.6481842733015,
    344.8493872636237,
    58.92000000000094,
    1165.6506470523748,
    42.51000000000008,
    483.87443744442857,
    741.0997067825936,
    104.11999999999897,
    425.76480537283794,
    11.118235389805443,
    5.129771191218822,
    6.130000000000017,
    143.0099999999997,
    326.48714614905333,
    342.4110501757473,
    71.8200000000009,
    87.35875689347064,
    299.45000000000005,
    994.7049126207697,
    78.78000000000031,
    175.24999999999918,
    341.6843496276417,
    19.79214290390081,
    181.17000000000024,
    169.10999999999956,
    269.5466357400001,
    -2.3,
    26.369999999999795,
    110.83696972177462,
    1041.8903554325816,
    596.7290980415178
  ],
  "win_rate": 0.23,
  "recent_wins": [
    1,
    0,
    0,
    0,
    0,
    0,
    1,
    0,
    0,
    0,
    0,
    0,
    0,
    0,
    0,
    1,
    0,
    0,
    0,
    0,
    1,
    0,
    0,
    1,
    0,
    0,
    0,
    1,
    0,
    0,
    0,
    0,
    1,
    1,
    0,
    0,
    0,
    0,
    0,
    0,
    0,
    0,
    1,
    0,
    0,
    0,
    1,
    0,
    0,
    0,
    1,
    0,
    0,
    0,
    0,
    0,
    0,
    1,
    1,
    0,
    1,
    1,
    0,
    0,
    0,
    0,
    1,
    0,
    0,
    0,
    0,
    0,
    1,
    0,
    0,
    0,
    0,
    0,
    0,
    0,
    0,
    0,
    1,
    1,
    0,
    0,
    1,
    0,
    0,
    0,
    1,
    0,
    0,
    0,
    0,
    0,
    0,
    0,
    1,
    1
  ],
  "average_episode_length": 0.0,
  "best_win_rate": 0.23,
  "best_avg_reward": 293.02852283317833,
  "config": {
    "environment": {
      "map_width": 1500,
      "map_height": 900,
      "max_episode_steps": 3000,
      "training_mode": true,
      "render": false
    },
    "training": {
      "total_episodes": 5000,
      "save_frequency": 100,
      "eval_frequency": 200,
      "target_win_rate": 0.8,
      "early_stopping_patience": 1000,
      "use_gpu": true,
      "warmup_episodes": 200,
      "replay_frequency": 1
    },
    "agent": {
      "learning_rate": 0.0002,
      "epsilon_start": 1.0,
      "epsilon_end": 0.05,
      "epsilon_decay": 0.9998,
      "batch_size": 256,
      "memory_size": 100000,
      "target_update_frequency": 300,
      "use_gpu": true,
      "double_dqn": true,
      "dueling_dqn": false,
      "gradient_clipping": 1.0,
      "weight_decay": 0.0001
    },
    "optimization": {
      "use_gpu": true,
      "mixed_precision": false,
      "lr_scheduler": "cosine",
      "min_lr": 1e-06
    }
  },
  "timestamp": 1757406417.1314273,
  "device_info": {
    "device": "cuda",
    "cuda_available": true,
    "gpu_name": "NVIDIA GeForce RTX 4060 Laptop GPU"
  }
}