{
  "episodes": 700,
  "total_steps": 1562171,
  "best_reward": 184.4093751487421,
  "recent_rewards": [
    -1374.6750000000218,
    51.42218319415333,
    -1412.6075000000203,
    -831.2372926351542,
    -998.8728996243485,
    -894.9475000000069,
    -1134.610000000017,
    -1482.4880076480101,
    19.707499999999477,
    20.48999999999948,
    25.02499999999946,
    -1473.5000000000243,
    18.864999999999338,
    -801.6774999999774,
    -202.67500000000132,
    25.22580353449477,
    -1151.6649999999872,
    -1034.77,
    -414.06750000002853,
    -1444.171074852235,
    25.66999999999943,
    -663.6975000000095,
    18.272499999999564,
    -1474.0000000000243,
    24.22249999999933,
    -1377.2750000000224,
    -149.25649370959704,
    18.18138200498781,
    -523.5500000000118,
    23.21999999999949,
    -1142.327500000018,
    -126.38458535684998,
    -33.19348882226569,
    -204.28500000000108,
    -453.7125000000117,
    184.4093751487421,
    -8.73426369958021,
    43.419204360159405,
    26.08551056180847,
    9.94524891196274,
    -121.07249999999792,
    -5.882687356026965,
    22.904999999999525,
    18.349999999999252,
    17.874999999999503,
    25.62334403078822,
    62.53779597493384,
    -1477.0000000000243,
    42.92674573274554,
    -87.47499999999435,
    66.74105410837576,
    19.832499999999584,
    20.90249999999957,
    -1229.0350000000196,
    16.16124683117747,
    22.342499999999426,
    19.61249999999965,
    -185.12989283900006,
    31.84975005408112,
    26.625332234315856,
    11.911646791004644,
    34.900098601101355,
    30.220787842424993,
    69.89995892978212,
    23.07586568027087,
    82.54097585049732,
    -1336.7135990772613,
    -654.1449999999957,
    28.852889044442964,
    20.79249999999964,
    -1465.8305034848768,
    27.214999999999403,
    30.425824003050383,
    41.02266066987887,
    15.921165781964527,
    41.99072734870752,
    -1476.5000000000243,
    34.82270235193774,
    49.490982614523396,
    -1461.7438023821335,
    -198.93610435926723,
    47.93701286109855,
    54.914073022274906,
    -52.82749999999519,
    -54.084999999996704,
    43.726056062871734,
    -37.02749999999747,
    64.02599591792992,
    -1373.7850000000121,
    20.78499999999942,
    149.89972260875072,
    36.358713335758544,
    -344.1536758042237,
    101.45505932427812,
    -157.06465920683712,
    17.534082416558512,
    -337.96145229417317,
    18.37999999999949,
    22.804999999999417,
    34.70473199278301
  ],
  "win_rate": 0.24,
  "average_episode_length": 0.0,
  "config": {
    "environment": {
      "map_width": 1500,
      "map_height": 900,
      "max_episode_steps": 3000,
      "training_mode": true,
      "render": false
    },
    "training": {
      "total_episodes": 1000,
      "save_frequency": 100,
      "eval_frequency": 200,
      "target_win_rate": 0.8,
      "early_stopping_patience": 1000,
      "use_gpu": true,
      "warmup_episodes": 200,
      "replay_frequency": 1
    },
    "agent": {
      "learning_rate": 0.0001,
      "epsilon_start": 1.0,
      "epsilon_end": 0.01,
      "epsilon_decay": 0.9995,
      "batch_size": 64,
      "memory_size": 100000,
      "target_update_frequency": 100,
      "use_gpu": true,
      "double_dqn": true,
      "dueling_dqn": false,
      "gradient_clipping": 1.0,
      "weight_decay": 0.0001
    },
    "optimization": {
      "use_gpu": true,
      "mixed_precision": false,
      "lr_scheduler": "cosine",
      "min_lr": 1e-06
    }
  },
  "timestamp": 1757387337.302171,
  "device_info": {
    "device": "cuda",
    "cuda_available": true,
    "gpu_name": "NVIDIA GeForce RTX 4060 Laptop GPU"
  }
}