{
  "episodes": 700,
  "total_steps": 2096605,
  "best_reward": 23965.081693139546,
  "recent_rewards": [
    6384.137490909744,
    5971.4008916258035,
    5701.035546772984,
    6791.707003061578,
    14256.997744343858,
    6158.932673139679,
    7416.359136908168,
    11267.538088748362,
    8523.340633050493,
    8472.197605588935,
    8372.123487592535,
    3959.9295175415928,
    7016.727036200523,
    4526.470076982865,
    6089.440310876978,
    4534.864783112641,
    10203.928760442832,
    5563.7830335977615,
    5481.63093276928,
    21287.096417456152,
    7300.693217755928,
    9664.43390629206,
    17121.95936281308,
    9584.991581409511,
    8201.095683442894,
    4878.441681409493,
    13458.535301733724,
    7510.893723032839,
    9546.38708839251,
    13044.932227343817,
    8600.995392837287,
    8537.213707401717,
    15073.302745747365,
    13173.646369574704,
    4210.4851631623915,
    4965.151840514816,
    5678.915991950703,
    2657.6471107604907,
    8284.05164816391,
    14213.661504182008,
    5541.700905634057,
    7175.062720045389,
    8548.481271032626,
    6287.507106073359,
    7068.274704621059,
    4793.900065970212,
    8535.525269021113,
    10930.714655541899,
    6386.294913177134,
    10995.637206387935,
    8091.281653950821,
    5223.943087324214,
    7594.204277921654,
    13482.133915115986,
    11195.277176087122,
    6599.982894490019,
    12823.473689766897,
    4477.553477786937,
    5948.154672434158,
    10381.848172069549,
    7972.318652565418,
    6674.669335402065,
    6581.020414685967,
    10173.427625971872,
    14697.76404289624,
    12266.914845667387,
    4417.671854175269,
    14201.739486410208,
    7303.254833195147,
    6468.372168879772,
    3248.400478628311,
    6403.629583127475,
    11492.829625537084,
    7112.824660575841,
    7858.3754583345835,
    12120.144656410901,
    4448.806658496257,
    6576.120384951784,
    7459.9981251381705,
    6664.623032516801,
    8573.20540816617,
    4880.384060618602,
    8393.086019620068,
    6874.905075694118,
    6652.340284289535,
    9846.224258315655,
    9975.727665692677,
    7147.23812942397,
    4547.627802730726,
    4950.0541111324355,
    5159.587594155164,
    6548.805456255128,
    8221.63987445612,
    8844.45467703199,
    11705.72554457286,
    6811.461117212024,
    5767.724776276679,
    13946.873939148269,
    8585.62362344814,
    6562.343196051919
  ],
  "win_rate": 0.0,
  "recent_wins": [
    0,
    0,
    0,
    0,
    0,
    0,
    0,
    0,
    0,
    0,
    0,
    0,
    0,
    0,
    0,
    0,
    0,
    0,
    0,
    0,
    0,
    0,
    0,
    0,
    0,
    0,
    0,
    0,
    0,
    0,
    0,
    0,
    0,
    0,
    0,
    0,
    0,
    0,
    0,
    0,
    0,
    0,
    0,
    0,
    0,
    0,
    0,
    0,
    0,
    0,
    0,
    0,
    0,
    0,
    0,
    0,
    0,
    0,
    0,
    0,
    0,
    0,
    0,
    0,
    0,
    0,
    0,
    0,
    0,
    0,
    0,
    0,
    0,
    0,
    0,
    0,
    0,
    0,
    0,
    0,
    0,
    0,
    0,
    0,
    0,
    0,
    0,
    0,
    0,
    0,
    0,
    0,
    0,
    0,
    0,
    0,
    0,
    0,
    0,
    0
  ],
  "average_episode_length": 0.0,
  "best_win_rate": 0.011363636363636364,
  "best_avg_reward": 8516.244483496308,
  "config": {
    "environment": {
      "map_width": 1500,
      "map_height": 900,
      "max_episode_steps": 3000,
      "training_mode": true,
      "render": false
    },
    "training": {
      "total_episodes": 5000,
      "save_frequency": 100,
      "eval_frequency": 200,
      "target_win_rate": 0.8,
      "early_stopping_patience": 1000,
      "use_gpu": true,
      "warmup_episodes": 200,
      "replay_frequency": 1,
      "num_envs": 4
    },
    "agent": {
      "learning_rate": 0.0002,
      "epsilon_start": 1.0,
      "epsilon_end": 0.05,
      "epsilon_decay": 0.9998,
      "batch_size": 256,
      "memory_size": 100000,
      "target_update_frequency": 300,
      "use_gpu": true,
      "double_dqn": true,
      "dueling_dqn": false,
      "gradient_clipping": 1.0,
      "weight_decay": 0.0001
    },
    "optimization": {
      "use_gpu": true,
      "mixed_precision": false,
      "lr_scheduler": "cosine",
      "min_lr": 1e-06
    }
  },
  "timestamp": 1757919121.326816,
  "device_info": {
    "device": "cuda",
    "cuda_available": true,
    "gpu_name": "NVIDIA GeForce RTX 4060 Laptop GPU"
  }
}